subset,y,X_x1,X_x2
sum,1.98852892691761,-2.02650992627449,4.34436026805514
sum,-2.87745014609061,-0.267900933084428,-3.05377488179235
sum,7.6124590418276,3.68623167955611,3.27537895566874
sum,3.91363839598827,3.25816750564763,1.00594333360617
product,-10.4051757991793,4.50061967050805,-2.31936359177124
sum,0.443525499246754,2.61027902502028,-3.26475485013491
sum,-6.92154775431741,-4.1301324008859,-2.99066311340944
sum,-8.32568501593688,-4.60573188631494,-4.81767417323638
sum,2.72163278404449,0.923503285933622,2.28490677161613
product,-0.671069173472237,0.187906217433661,0.326172664550231
sum,7.90444258366866,3.94816656060528,2.64372662221736
product,-9.41335498088113,2.71270346685946,-3.52926519070962
sum,-1.31500431158816,3.51206914048769,-1.00684084190692
sum,-0.465162534382678,-0.958596783489671,0.180787662388155
sum,-3.38099850368862,-2.98146547877052,-0.0174431773654637
sum,6.453117297198,2.06777216885446,2.83791784485397
product,8.56670349935264,3.90005341817566,1.939484444671
sum,1.19451549227372,-2.41866567298872,2.61121537043158
sum,6.84130376706844,2.97559100637188,3.44357082739616
product,4.45676637489761,-2.49757101835405,-1.64802758354099
sum,-2.62838839693699,-4.78730589149613,1.33151375594022
product,-1.87768941210566,1.4517279040945,-0.896031730103385
product,10.3174446213662,-4.8177817434845,-2.29255326856446
sum,2.30528977362539,3.4454939853507,-1.92710035073713
product,2.14931757358624,0.487337893665861,2.60227859889687
product,7.33263300576385,2.22452115261505,3.77200540813108
product,-3.7789362443246,1.3641041126378,-2.21409660968041
sum,1.52078215622826,-1.03827308390745,2.27939306973765
sum,-1.56256374193006,-4.63328573066457,2.60990760028094
sum,-3.52437284840725,3.3811528964811,-3.52547473293716
product,-5.13407204995611,1.35093650867644,-4.14650331921356
product,-4.74268233557566,4.71782082720961,-1.22715836895377
sum,2.12974153028282,4.55651498229753,-4.39857657399215
product,-2.37251347619042,4.86210744479603,-0.539942270420442
product,4.10452295166361,-3.99221998622573,-1.26690683720247
product,-13.7798062031124,3.87086424265117,-3.45637284725798
sum,-5.22307530359898,-4.32162940894828,-0.129380811810641
sum,9.08889648564939,4.4473202229141,4.87785520214887
sum,-9.622599932973,-3.32380783711682,-4.94770386457087
product,-1.59580893299369,-1.74669669236736,1.20309551353465
product,-0.869956472096176,-0.803999375722101,2.37501248109748
product,1.85551677072033,0.227328293819941,1.67557738521027
product,16.5483565968431,-4.74649256584543,-3.75337318796733
sum,-3.73987328963984,-1.72966838436761,-2.01274426411227
product,-18.2884745317862,-4.14652535006232,4.22499381177296
product,1.97287727620821,1.49963930777765,2.22252568393066
sum,7.07909407972433,4.86630122958847,2.94197331277084
sum,1.70475172588569,4.69102630140811,-1.76628437884479
product,-3.88237826857948,-4.186512193581,0.765164755142536
sum,-0.509821281525281,1.80228242431291,-1.61732494005502
sum,-1.47945983842727,-2.0369187954401,0.866084631754741
sum,1.72257788301892,0.929508514349275,0.650219928590161
product,-8.30012412221381,4.90053850104263,-1.88277932204452
sum,-2.20941414260781,-2.81746112134936,1.07094036088781
product,-5.54606622310196,-1.33638156706308,3.42118923135709
product,1.03402522698559,1.07544851901438,3.12901009130078
sum,6.59582865730418,3.7746086263038,1.61839189849379
product,-6.15085996993044,-4.79415505704198,1.1341519593579
product,-0.675334648361378,0.683086033354716,-3.1876693383434
sum,-6.08179785837314,-2.52896765989854,-2.94312737804445
product,10.9879090573554,2.69993553098611,4.32118282483612
product,3.54126028272651,0.978999788110851,3.76653602658345
sum,-1.27700078682148,-1.8124749706793,0.673122196289036
product,-8.02179721451882,-3.39191948582501,1.81502722223929
sum,-0.491213984359415,4.94907822646435,-4.30576157253907
sum,-3.52634653761753,-1.54116943047043,-1.01336972227687
sum,1.44923964108035,-1.64881145740858,4.19391973214417
sum,-3.89417748375487,2.15824964682089,-4.56826264202988
product,0.236854239414395,2.72244769296657,0.139894891598108
sum,0.763758407268352,1.25891376437009,-2.43437216298636
product,-2.92811442114402,2.55551138543049,-1.35730138951925
product,-3.94313450152479,-3.11878840276239,0.902306668690871
sum,7.38030933082896,4.42731774135126,1.9243615132437
sum,5.84098849498918,2.76596852791742,2.33614380561402
product,-0.0732451510708995,3.22600560659658,0.05888678884466
product,4.43972598073399,0.908332605690108,4.47283339611815
sum,-1.22503426474665,1.97471461669284,-2.36887430089157
product,1.33258755461377,-0.598475062603987,-3.70840584848505
sum,-0.272346235045327,-2.68328298616557,2.17597765658176
product,-6.84087985292009,-1.77043527058754,4.25568512906776
sum,2.76420337225134,0.412665786761103,1.94951088902462
product,4.01418889636094,-3.59075775025237,-1.07755954900268
product,-0.19071503006425,0.015162946871996,-3.50082572651226
product,-2.7527953159136,3.0219698075404,-0.625250779762709
product,15.0523042835415,-3.43562957328914,-4.45238361177969
sum,-2.60233655207852,3.7009887390093,-4.56587467145181
sum,-6.45109527122725,-1.2021421982077,-4.42945278848746
sum,-3.33562602593541,1.93682225781489,-4.41836204494524
sum,-5.41273406148555,-3.7481420779745,-2.58798542400459
product,-0.444002758618095,1.11720746234352,-1.53046798103772
product,-5.1447301037338,1.28942846779884,-4.80289462245636
product,1.35745001550338,0.58404249735805,1.65036674546255
sum,2.09137899486615,4.2439619537653,-1.48377312760366
product,-6.3145923815071,1.49632899047215,-3.75702776514455
sum,-0.804748003552681,-1.49373068790819,1.13933584760062
product,21.5313921562138,-4.27236993635806,-4.81609323452533
sum,-7.00180207201174,-4.88379460091899,-3.49951335306016
product,-13.0780532244176,3.87212742576327,-3.71954161042228
product,5.34225883605303,-1.43246673306411,-4.85455334332118
sum,-8.11277588958487,-3.17882084311301,-4.58048776568364
sum,-9.17618241517652,-4.17618954384157,-4.42219439003633
product,9.64996252567743,3.56489841188322,2.49960470399178
sum,-3.22968021796944,-1.92070058408809,-2.30179279871786
product,6.88938048281506,4.36154774160781,1.20072755928514
sum,-7.70666639623753,-4.238691405097,-2.65357918144546
sum,-5.09564841148446,-2.32971729830579,-4.10875567883983
sum,3.7870830562188,4.97934110533338,-2.71920228051068
sum,2.81668365041479,1.58885470232657,2.85651618080232
product,14.7289941019665,-4.59224858445236,-3.13432975948694
sum,-1.91207099254454,-3.77890085989973,0.930443341867841
sum,0.32966642038575,-1.80899526756744,3.03025897832663
sum,0.121388675717687,-2.80786012641956,2.74633780637788
sum,-5.14459538826326,-1.33538465128602,-4.19398486242875
sum,-0.868965628860213,0.264026609361132,-2.0455522252258
product,-9.81768319329678,2.29606178338064,-4.24136671891336
product,5.26604230728532,1.18218063316261,4.84402180703552
product,-11.0295288706413,-2.42058372284844,4.29375989127586
sum,7.49547389885213,2.97813648858635,3.72730250484602
sum,-6.0648798301981,-4.23046798370791,-0.864508984746485
product,18.3489991351396,-3.72939487348115,-4.8188981617916
sum,0.850067912724238,-3.30242094912459,3.0007096869916
product,-1.81290899964797,0.495288823237355,-4.77530691679883
sum,2.54375962689853,2.94809548749929,-0.401995762306798
product,-2.49785520148507,1.1500722669917,-3.48325120267249
product,-15.0121343267561,-4.75684033568546,3.16599439471577
sum,4.01877950241767,1.2750546321837,4.00023123398011
sum,1.91638566593181,3.79118307562165,-0.0323314114083058
product,-22.7405119587889,4.47248577383859,-4.8900417134152
sum,1.538894970084,4.09032520665641,-3.35185184270563
sum,0.367196800207398,-4.68413855174358,4.5650139829948
sum,3.18631023362125,-1.4987474083327,3.94190874664118
sum,-3.89316576049936,-4.59890808587518,1.45810812655206
product,1.58548037872796,2.40768617754204,0.698896848713165
sum,4.87481532170976,1.68212798555016,1.5695515626714
sum,6.07665209893861,3.28915474150677,0.391612766752544
product,-2.98725579830734,4.21874235023117,-0.965171337876029
product,-8.28390867984612,3.07440155164062,-3.15478980643623
product,-10.6071917060768,-2.627509125032,4.29529144247826
product,-0.947017524112242,2.85175961393014,-0.313068402050297
product,5.34551032833784,-4.94477882876398,-1.0345721767873
product,-4.39521056302001,-2.41220018399983,1.18128240457896
product,1.97988648284702,4.6665481904367,0.435528611139886
sum,-7.29602859720415,-3.489421082191,-3.78615060577571
product,-0.944794658207406,-1.62004843148464,0.427244433475962
sum,-3.81069676510439,0.197739485560176,-2.95964365371101
sum,-0.844527458975523,0.31169528001032,-0.513893690454575
sum,-1.26952928382817,-4.19885153615325,1.60302719701338
product,13.0085599940322,-4.84543383471133,-2.67787304853183
sum,4.84874392767157,3.71783566592202,1.15012968038867
product,-9.60832820950737,2.14595922700062,-4.95367976995397
sum,3.51807632800139,0.657319639957911,1.2358568800276
product,-5.39964309765213,-2.623624560076,1.45917241331601
sum,3.21067340451865,2.62285134776616,-0.703431872610649
product,8.64808191999435,-3.82932983572394,-2.42112314566798
sum,-5.43304274083937,-4.06099284210582,-1.65761681303939
product,-6.24225590709629,2.46044879265423,-2.54650890318679
product,8.82219804983994,-2.29167748737926,-3.86761954159245
sum,1.55732733925434,4.68877855285692,-3.64833710845177
product,-1.93874140483603,-1.11322710310518,2.04079768099224
sum,-1.18801127304696,1.56736664541292,-3.39928365045427
sum,-3.3344152380818,-3.23471967994492,0.783869170064091
sum,-0.217751768158564,-0.200611652828765,-0.239818706312334
sum,6.03736968628882,3.67294200959802,2.08744697742976
sum,-3.4468199616134,2.08362976715035,-4.63839619475238
sum,0.939263665511232,-3.6843231487274,4.37388066497119
sum,-8.83451501868228,-4.93614128283166,-3.83633602114524
product,2.92742782671453,1.22890475819,1.96650823876892
sum,4.39172902651628,2.08172088645282,2.64809800902995
product,11.6557576018872,3.35980120512206,3.69896362062128
product,-3.84024034771278,-0.610285792943639,4.84841198962335
product,-0.721808003802006,1.43288218442353,-0.467111652519724
product,-0.853676228652283,0.230978441701488,0.968428489168892
product,10.5160912404431,-2.10248547086232,-4.60687860158901
sum,0.778110920955265,-0.513063773774693,2.29508228652397
product,-6.95096300911137,-4.54553619658542,1.88402396427736
product,-0.129310133710759,0.45616789315935,-0.592372530617719
product,10.6705457879859,-3.30507253313908,-3.60727927336613
product,-10.3707292398846,-4.02823506229232,2.88597211224531
sum,-5.40294551052628,-4.48028716348528,-1.46748591497936
sum,-4.183179071195,-3.93019361173042,-0.970198212348386
product,1.84007766699617,-0.363015950600179,-1.39026103059973
sum,-1.1488326629717,1.16926918375742,-1.1937670652342
product,-7.47853522994838,-4.76728064264174,1.58923941910151
sum,2.99809421680185,3.62042650989313,-2.15127098038077
sum,-3.33321531672476,-0.745066655519246,-2.59307288167495
product,-5.23831706896283,2.03018958895178,-2.5752949636527
product,-3.98629048563548,1.42419278206316,-3.09312279336333
product,0.535853120038157,-1.13897362199226,0.596403313082179
sum,6.30112794153247,1.72602118225126,2.84896977111468
sum,-1.87381016085461,1.16650314520738,-3.62890294271001
sum,2.21712688956303,4.44614219474023,-1.71807246390688
sum,-2.56325543200358,-0.0180428354686102,-2.07177963299035
sum,-4.34604360963459,-3.41394894706926,0.538022407123763
product,1.8214956796091,2.79875545857624,-0.188598981451825
product,3.54923867830105,-2.7573069053944,-0.881590858527314
product,-9.78671654803678,4.05381976419264,-2.40576566568708
product,19.096814668717,-4.85606511370244,-3.591429796202
product,10.2591161010284,-4.94938416153781,-2.45359345236236
sum,-3.48761242951609,0.369744228934136,-1.75666246884624
product,-0.653707487907425,-1.41534271455727,-0.0788370692046181
product,-16.0710871965542,-4.53549587280002,3.64722376255053
sum,-1.91723056589275,1.9628877587814,-3.78113906663052
sum,0.162259653520817,3.71536806152376,-4.31827690614506
sum,-0.554925062090732,-0.980690863907578,-0.889715301932953
sum,-7.25181551236198,-3.00457549070855,-3.719042536338
sum,-5.21145705229024,-2.79513790929825,-2.25839333440194
product,-10.5877408334389,3.35302495589238,-3.47140860815668
sum,-2.15840473027752,-0.478009717165647,-1.08474301822171
product,6.25006129479803,-1.46647771973947,-4.08417926673366
sum,3.55985290966,4.75865255819131,1.43904253541131
product,0.508391412557363,0.426960831582485,0.899176868546331
product,4.90817667035777,-2.48217704174636,-1.77920834416822
sum,1.60738304764638,4.65118696436046,-4.07009360176868
sum,8.67253999529278,2.89698507142479,4.68488777594384
sum,7.11282158770557,2.52716639557641,4.36957823031063
product,-0.377327411002294,2.57846110464369,-0.475604838673066
sum,1.37100774755434,-3.39240103951692,4.92158014823313
product,5.56641889933517,3.5300945546736,1.24237995913992
sum,0.197543151265967,3.05670152950053,-1.32059248697916
sum,-1.67056941159314,-2.26373333718334,1.1958795489783
product,11.2227482809504,4.75852079462535,2.36444235624723
sum,-0.727653467658489,1.51666825375885,-3.69289623259801
sum,5.99503570286069,1.67593385563585,4.40679245115341
product,-8.03784473528109,-3.15145544474473,2.72318391735639
sum,0.624468865408225,-0.691124763381941,1.15985450260179
product,-6.83295321028603,2.31993941811405,-1.90472383713672
sum,8.34344875447317,3.85977748236187,4.6292687523758
product,-0.922209233520847,0.0313625858008768,-4.32923522611573
sum,3.47669983848189,1.63804527621805,2.45733782731232
sum,-3.27725662092753,-1.60125036231934,-3.1885065046532
product,2.25402573827902,-1.01495265602627,-3.51337272246887
sum,1.78582433865923,1.03448593381378,2.51375086029046
product,4.85563952886587,1.95748688984617,2.70912203745822
sum,-6.08136219967621,-0.722268662641376,-4.04285444479838
product,2.62191137980599,4.48885537253333,0.554317056026275
product,-15.3541925553315,-3.29475876312709,4.99717673286131
product,-1.19355079424517,0.0263709310519209,3.14574720231382
sum,0.167737090221888,1.57845304603036,-1.16167048066956
product,0.698508593041211,4.0041805716333,0.0761037868445502
product,13.2041567435015,-3.83927359493084,-3.23613013493777
product,2.06161299205685,0.986584841970366,3.13795019706949
product,-3.36828833268223,1.0642905965959,-4.36625029527232
sum,0.638042201333721,2.05575172515688,-3.04222014316454
sum,-0.75092440468859,2.06475726486901,-4.87891524765113
product,0.853415046260449,0.163003483011953,4.34367014769015
product,-8.53336088246354,-4.23020090171207,1.90394828629365
product,14.9556602997967,-3.57008317947164,-3.60643925927176
product,-18.7552621905049,-4.2595534826591,4.26587625161494
product,-3.127574896627,-1.89017678284338,1.33400854316726
product,-0.681725583498549,-0.344019818675399,0.833917947661204
product,1.42007081017774,-1.69101975147351,-0.0738190600713038
sum,-2.68150978413779,-1.2674820837066,-3.41091832330646
sum,-3.5316109277604,-4.21421502844979,0.18408021945204
sum,-0.337617393896197,-1.62996823568714,0.550849493022863
product,-13.122391453833,2.50871067791497,-4.86998076489264
product,2.825856623654,-2.20066103054057,-1.01831306409057
sum,-0.202695752121288,-4.66054021414201,4.27034544796307
sum,0.342886837587007,-4.6065645933149,3.86195780465074
sum,-2.43986633311359,-4.58427140949608,1.19589337459841
product,12.2396882326907,-3.44005479663797,-3.37383060655109
sum,-2.77381463573858,-2.70045394108914,1.23895836291639
product,0.822098225508476,-1.25129420476296,-1.44327283535051
product,0.693025791914747,-0.724589816414504,-3.2768012879837
product,4.7936668032018,1.97015740995268,2.62458685740691
product,1.03406164555335,0.857755812734633,-0.279330548900008
sum,-6.07021596737313,-3.20316891129758,-3.68271226545438
sum,-4.30611431780629,1.36430249543637,-4.28743272234741
product,10.0387555689647,-3.81835172378344,-2.68925203411929
sum,-3.00009866922612,-0.0412426492122915,-1.52428475761018
product,3.61161282173789,1.96737165364151,1.71892743598728
product,-1.81053427648161,-0.44343247214287,2.99415878968979
product,10.8011271640754,3.92558998489978,3.06201279793061
sum,-1.30391687402439,-3.3295809209905,0.542265141320167
product,7.40838492175277,-2.05551107930414,-3.83101959291636
sum,1.36307555919275,4.71058245165368,-3.98579171550784
product,4.65322213257895,2.08072577796045,2.2571950838836
product,-4.21192474462071,2.25955678870239,-2.11369446759744
sum,2.46036231480159,4.27752283195213,-1.45003694168063
product,5.6028301547224,1.23298126827558,4.80032575285477
sum,-4.3862317819633,-4.90229152580816,1.3720147680828
sum,-4.06852786787177,-3.32966053907925,-0.956812318957079
sum,-8.83955716377151,-3.954321596656,-4.27915664001327
product,2.97263201208834,-3.22889320592951,-1.23055570575092
product,17.0840755400751,-4.69499750060951,-3.4664859688392
product,2.78650645609233,1.91895197692693,0.956387406078443
sum,3.73365896307,1.80499302074713,1.95035228858553
product,-4.24241888882987,0.75474177875879,-4.34291360571648
product,-3.85327267159832,-4.16499283301331,0.974131021703083
product,-3.12438984658919,-1.0690227533324,2.9526731185989
sum,-3.29778237237617,-0.0282523599157267,-4.11399570320383
sum,0.927513499867459,1.92625952226165,-0.598010020445095
sum,-0.419910814132787,-3.3251741774093,2.16323388062682
sum,1.34749610016162,0.419009473783581,-0.20818122370269
product,-9.23376166192059,4.62172548474542,-2.113062632293
product,-1.79057365227089,-0.417471095084833,0.243902693275801
product,-3.28382466022322,-2.76404161480547,0.664046402968972
sum,-1.03977158111454,-4.70026410127322,3.0498899968077
product,-2.04002844503114,-1.49084987447921,1.33478219826147
product,13.9379580498474,3.66176145774935,3.22537242923169
product,9.9407594328314,-2.579447284885,-3.72419697204436
sum,-0.770837043425366,2.90723164838964,-3.93123076905256
product,9.1413692785165,-4.15162285914808,-2.25944779312794
product,1.62486299437093,-0.454589352322268,-3.93401746866228
product,-17.5194553507313,-4.0879389695131,3.94552226894091
sum,-5.76425281286939,-3.57504457098487,-2.45329377953949
sum,1.88971946841672,1.83248028289646,-0.659806338261247
product,1.94312463988035,-4.53997357978247,-0.016322272605203
sum,-5.54500280025378,-1.15673352840318,-4.76361413953664
sum,-4.4140332661938,-3.60348745243687,1.76467937226362
sum,-6.23486549475062,-3.89525886868605,-4.04464686165332
sum,0.291189650969144,-2.69330188282241,2.24338817128741
sum,-5.33944550696523,-4.62992365284507,-1.88692300843996
sum,-5.05353104834706,-4.10588997687741,-1.09094004094485
sum,-3.57152014774243,-0.540972936232516,-2.839618174904
product,-6.06549606304914,-1.23740414469084,3.73890077562515
product,16.2851195159721,4.06354385094736,4.1441194592496
product,-9.40959926133444,3.92046555177113,-2.98372679952255
product,-4.38709320002757,1.58693631618945,-2.90094406904414
sum,6.0838902622587,4.83977647959828,3.13970269506019
product,-2.20365417038425,1.51961259502601,-0.284238114498416
product,9.75874271593478,-3.8413094047487,-2.41755611701042
product,-13.6077132664821,-4.48521248750011,2.89171238607338
product,0.881544766366199,0.406351216101065,0.762883601668132
sum,-6.60463433001764,-1.27311482987686,-4.0332355035328
sum,6.37040109988613,4.86662593267146,-0.623968759446081
sum,3.37447653742716,1.92276564517852,0.801723692273323
product,10.4276350111036,-3.26798130089985,-3.21964033130249
product,-1.01436379881059,4.01158010490989,-0.0450868379380154
sum,-2.78985050701358,-0.486129756703245,-4.38650372889332
product,0.265424583964517,-1.62384828596372,0.321134852653157
sum,-1.59948900520669,-1.76389780850459,0.0614186284024409
product,-13.7988750412457,-4.21543618657734,3.38898086445934
sum,-1.81213087068476,-0.676651989573981,-1.96724852432404
sum,-1.73107089123444,-2.40246216239674,-0.496290637418149
product,-3.13273571535725,-1.25459881152638,1.98161714019745
product,-1.38319318181088,-0.910470555857302,0.912754357449293
sum,2.85329267853113,1.83295376606505,1.40826314690206
sum,-2.72210236993288,-4.75599218443462,0.502265421562617
sum,3.38247014953479,3.54385093369579,0.0585269295182904
sum,1.90750900854728,-2.69991162712297,2.16150674223194
product,-3.35191094958979,0.538542844013207,-4.4857418651575
product,1.55897907838717,-1.79950398969388,-0.785754494075021
product,2.11626308211203,0.12093058299281,-4.19766254338358
product,0.944940168991715,-0.728922113737437,-1.31086360430228
product,-2.97875195146373,-1.59196459746982,1.68085136570646
product,10.4861142795724,2.91579043725849,3.68467975897913
sum,9.30309404976947,4.39067698512896,3.1918885942679
sum,-3.36357253879659,2.3640201506564,-4.64688645059761
product,13.375503554455,-3.80405754061698,-3.6117282735059
sum,-1.44694205718136,1.73432433324917,-4.22941720865669
product,10.3118920375606,-3.86526478759411,-2.4209717295506
product,0.56070809579211,0.113423988609378,2.97295365779554
sum,3.76725126466119,3.28883365882609,2.33071296029675
product,-7.30748524945186,4.86886936600517,-1.517445329767
product,-3.39928514694254,-4.62651811250786,0.862298320167972
product,-11.0965772567918,-2.7789218952927,3.95206837687199
product,-8.5524736762391,-4.48318278831392,2.07238634313399
product,4.85076161246509,-4.42441239983356,-0.747864955307666
product,-0.335048606620857,0.543540525114007,-1.53654005634039
product,9.85096663386864,-2.15159505622532,-3.80237868180749
product,-0.0338129832121042,-0.0557969529741857,2.99855255947315
sum,-0.69445279018049,2.86345014415552,-2.68052903884025
product,1.25885527992672,-1.76797067979245,-0.525876331765454
product,3.79310193601704,2.77146915927437,1.00516860433653
product,17.0074301651515,-4.09710229945592,-3.98217527379596
product,-4.82034951391068,0.924145688620425,-4.43624503349073
sum,-0.147240183971103,-4.60381174651643,4.55334686503928
product,-2.54082458621941,1.33101457273268,-2.5759026758492
product,-10.7314285132573,2.50614751640858,-4.00558607240655
sum,2.7897769222559,-0.613845808104095,3.61369996363436
product,-1.88085861455323,0.908929431882418,-2.14904831306153
sum,0.38902771207838,2.70407417807793,-3.94335315738256
product,-23.6643958786344,4.62447294942111,-4.79928802222274
product,0.366078472371919,-2.73504224802062,0.245113895702547
product,-17.1822080788562,-4.41916387831801,4.10927184493843
sum,1.1244903522635,1.26220321631415,-0.186558483646763
product,-1.4691586166264,4.69302535619099,-0.0363375279876363
product,3.24532021107248,3.15461428454834,1.22086700227873
sum,-3.30785314417755,-2.94158789963232,-1.94395784509785
sum,-1.68639304011779,3.17297769962494,-4.79055038969087
product,-1.02692013470783,1.45472295907168,-0.608650914297816
product,-18.7582420914374,-4.63113052645467,3.90527280739895
sum,2.02778036432725,0.675408482615581,0.122219208126745
product,4.06934110091487,-3.04757012201956,-1.41169515876498
product,7.62069432052406,1.57612892300343,4.38340456821038
sum,-5.04866806959419,-3.51656799037911,-1.44506989558643
sum,-2.52016115423966,-3.1486707116138,0.190817851362181
product,-1.34503147532261,-3.80134632666317,0.116774421156661
sum,-0.776303987928261,-2.62455869125673,2.6551289899111
sum,2.82554769985223,-0.194930527421711,2.86903386255295
product,2.15011051243684,1.59984046034179,0.567628930139298
product,0.542589687836186,-0.0482308988872981,1.0617463445088
sum,-0.630671270835915,4.73488969177397,-4.74188093050513
product,-0.0993667752160889,-2.71201834508378,0.034172708548569
sum,5.56057147786822,4.91168626136977,-0.718003850743853
product,16.0054992273966,-4.11507497948081,-3.65984771549359
product,14.0953725811167,3.955232284962,3.92671711076975
product,-1.24039378640188,-1.2572920424388,1.51420388351864
sum,-0.368350177690447,-0.0840545325856308,-0.121459560736375
sum,-5.04704254851938,-0.365059561994276,-4.31041983643579
product,-1.82937904493213,-0.43930015782964,3.38328704711138
product,-8.43507722476198,3.6859912818946,-2.02878284376825
sum,-0.00404762225813382,-1.8470966216939,0.251633836670601
sum,1.28779536846181,0.96269878482053,1.10333783310918
sum,-1.02401409946567,-2.34399957411294,0.577834173700249
sum,-5.94468988784665,-4.54257966187487,-1.32465577708469
sum,-4.42250661964632,-4.9506001906559,0.882022669483905
product,-1.08930761561304,-0.258261709126748,0.805883502780435
product,10.7654044213579,2.75132823361115,3.5218150031854
sum,4.12646511509721,3.49195651565319,0.336025467268785
sum,-0.794339217316049,-3.19424654872666,1.47474714154603
sum,-1.05481328053727,-1.8384389502325,1.95618146496807
sum,7.26605004112726,2.02464970544104,4.01761992135424
product,-17.0624581242216,3.77373071927955,-4.66467565264221
sum,3.99293954373122,2.31589521755332,2.69223147838134
sum,-4.42582943766231,-0.738186977640271,-3.47975146871352
sum,1.87284040004593,1.32621893133948,1.40972077345332
sum,-0.000209321794704787,-2.71545258668701,0.824226582072464
sum,1.73193201890818,4.15488297588042,-2.56517703423701
product,6.87273901403042,2.53378185258942,4.00018641848105
product,-4.2196980102761,-0.680549813578843,4.87276129314945
sum,1.7022826898297,-2.7923038721124,4.94866317169767
product,-6.07067801109734,1.27558080084063,-4.24862218264191
sum,-0.155126063653734,-1.45377842359223,1.23859324676573
product,-1.13418162143097,-3.9887732387721,0.256901823026858
product,-13.6351503117759,4.05350641956064,-3.18071869504729
product,8.22800639443472,-4.36441649713976,-1.71248389712492
product,5.30784187782295,-2.28650968226104,-2.87035838491089
sum,4.58744074212362,-0.19413422673352,4.92483502158375
product,-13.798690462927,3.67072318580104,-3.72511337668018
product,-19.9160585901726,-4.64057726203258,4.08450561333628
product,-2.19850402421973,-1.11830073793478,2.75527616695011
product,11.3428304609353,-4.2943125259957,-2.94860359517993
product,-0.508032908727701,-4.88646355232581,0.189177052828375
product,4.71275420943469,2.01966877257703,2.20036536546074
product,15.2923536581866,3.32442640800422,4.32728483354013
product,-13.7181584816788,4.24693618278563,-3.29112412609934
product,-10.1949575718645,-3.04208865210704,3.61785621013517
sum,1.97423497408,-1.08918463348239,3.73322915860808
sum,2.89209313913527,0.800862078378112,1.6948695519819
product,-5.59210380700616,-1.32284196940566,2.41120649290059
sum,-3.60409994700976,-4.57906810363638,2.36873744944182
sum,-5.77911783633473,0.670162609866678,-4.75808236108645
sum,1.55585311610494,1.801407717603,-1.39863592528481
sum,-0.898394928872427,1.15863188182305,-0.164543532800753
sum,1.230357025031,-0.824192242150716,0.944763351861731
sum,0.976406694921339,-2.79816798050189,2.95449960789729
product,-8.75238282715591,1.90937738102466,-3.87961097831948
sum,6.48096845559415,3.17967024119062,3.51424957745096
sum,2.03602870921995,-2.4019641893584,3.05925400117621
sum,-5.43566034494983,-0.325984887501303,-3.63560247443267
sum,3.69313309292603,-0.0772214355196521,3.407030280112
product,-1.40646227999685,2.76412960741997,-1.02816470381545
product,-1.3512049396753,0.357746840747585,-2.62773208264006
product,18.7715764697255,4.63619977089253,4.06472110964547
sum,6.71632018658303,1.83258763659596,4.27177819479453
sum,-0.680504602695171,-1.74809935775305,-0.384425255802102
sum,1.99318899582109,-2.12961866825087,3.17449708491192
product,3.86115422351952,-1.81024369706239,-3.4384740263381
product,4.72816837437877,4.50607146937556,1.24148907849134
product,6.10671797168829,2.06857343847617,3.62363708746745
product,-13.51813785022,3.08120379564417,-4.18240968051128
sum,-1.13222429752949,2.79584473566753,-4.14341750403569
sum,1.49087031437095,1.51232977041492,-0.900951103037118
product,10.2423128227713,4.90505142000673,2.22266931855659
product,-16.1714418095866,4.07566473926093,-3.79364128899399
product,4.250544904829,1.33403756510423,3.73578624106777
product,-8.17225486150578,-1.71335454630084,4.48453306962157
sum,-4.3863149085835,-0.257857833425362,-2.43223432279492
product,2.29311201413562,-0.313393580058738,-4.53034033224945
product,3.87305909658352,-4.08713323213866,-1.20307591832733
product,-8.75590232305859,2.60785048616897,-3.18119915600855
sum,0.365017305533077,-0.452601443661409,0.799837874281312
product,3.03783914354796,-0.277850748380507,-3.48097306487706
product,13.7436434610937,3.55460584011007,4.148459010681
sum,-2.78084701556167,-1.11441898729654,-0.631492973848205
sum,-6.13223846822787,0.0723480868839239,-4.96781736395721
sum,0.267879945293608,1.66864257546104,1.03487666596455
sum,-2.04452051007292,-3.26104750780513,0.190597909082704
sum,-3.96367904171569,0.126885110165086,-3.95890350615834
sum,-1.88713185706968,-2.75559428163339,1.50877369047194
product,9.62357568013298,2.70967179954561,3.96788409906012
product,-2.47528535858679,4.69909852161994,-0.817569637093811
product,-8.35322573174526,3.58412751843012,-2.06852269738987
sum,-6.41506040192493,-3.79433114222721,-2.27375999266466
product,8.01444255856235,4.09320402078782,1.71700684405857
product,11.342942709746,-4.65611478884782,-2.71357194496537
product,0.986785330575272,-2.52269010498843,-0.477820591101929
product,10.5467753332942,-3.13481489600146,-3.39318626740444
product,16.8659057051416,-4.22265363035015,-3.63181369081039
sum,0.0226201717715482,-0.546947449973345,0.903476904587729
sum,-6.90294106754565,-3.13561737855745,-4.20580631011013
sum,0.832452336498356,-2.99475273299663,4.59576644321033
product,16.5369881126192,-4.68570814313266,-3.31064936927835
product,0.480455002475939,-0.58469498626623,-2.31322640615054
product,19.7327376116141,4.36729988736735,4.69470433275369
product,-8.81871398592812,3.12799567257503,-2.93578728239397
product,5.18046715147717,-2.06789228301935,-2.05534240458082
sum,7.1460536614512,4.7139509404164,3.17785329856945
sum,5.66535078877959,4.69412322335288,1.36291353979248
sum,0.891888992229898,4.62992003858995,-1.53900273462214
product,2.33509601776804,-1.13264653699463,-1.02144400954258
product,-12.8065921811205,4.30757325603565,-2.95015704584179
sum,2.49374181149606,-3.88080380602272,3.76650761828201
sum,3.64083854888376,1.89464969137266,1.80227779208353
sum,-4.35283467509672,-1.06135594345842,-3.81663809076613
sum,-6.36636382203153,-3.97490272009321,-3.67475327258152
product,-14.7820072457483,3.77472013527053,-3.95891418015426
sum,2.44740357364363,1.89526751031561,1.42565199535192
sum,-2.22113038315786,-0.184776484874499,-2.84798127982763
product,1.56716711104175,1.96029796674973,0.334610919763215
sum,-5.82177719219858,-4.34643659201058,-3.18561652304373
product,4.81351315279763,-4.5927119768103,-0.810745504954521
product,12.9740460583422,-3.16595490146566,-4.73633025502748
product,2.48832718954541,4.54865280663194,0.373956029379229
sum,-7.16312863070019,-4.35791062924866,-3.90263801322496
product,17.3917295650277,-4.06325232171908,-4.33503732633223
product,-12.9840503253654,-3.62479055854007,3.6550712589398
sum,-5.2337867047024,-4.94241339501878,-0.170311279146448
product,-9.728946059817,-2.07855351464782,4.69914397814603
product,22.0360185077117,-4.73488689458378,-4.63450332151905
sum,-0.625170776101149,3.32134177957742,-2.91489485642664
sum,-1.64327442396211,-2.89337810994333,1.56161837681072
product,0.772001102874146,-0.0838412488316767,-4.86905543411666
product,8.26549176917072,2.61510631717472,3.34930236799299
sum,0.0361437203056672,0.28937134027212,1.01611820146331
sum,5.95389900286604,4.96333916056742,2.48073179429532
product,-13.7744622372791,3.98554188527079,-3.65585323061026
sum,4.54777198140527,2.23420113688585,2.56163328895246
product,-1.05307687473099,0.612771975694963,-1.54332716676137
sum,4.71257620634996,-0.201243796960911,3.3986130286672
product,-17.9597340959788,-4.25449356320229,4.04158694493748
sum,4.55553408816135,3.62127617265451,0.622968158779099
product,-1.24362347925176,0.78280140996174,-3.18402283198574
sum,6.98510582339405,2.42706521199981,4.43075837744708
product,13.8693040880618,-4.15893193885003,-3.28320714151697
product,-0.819093424184184,-0.10547239722437,2.4543947418433
product,12.8754874190956,2.29007168040987,4.49520623657642
sum,3.99408411052195,3.94099203679134,-1.93746379213388
product,-17.0236171085856,4.86001063822871,-3.63114369931193
product,-0.442960590241243,0.296505783560065,2.69492933191937
product,9.68902446932699,3.10113394679181,3.46452291734518
product,2.81705524435955,-2.19227637559144,-1.07554892577365
product,1.90926425809478,-2.1903681040777,-0.651726613962538
product,7.25668851546574,-3.13429941113964,-2.23122351852796
sum,2.67435978660918,-0.562497806954289,2.07680934740916
sum,9.98680643469985,4.44059339686613,4.55523695954935
sum,-2.82108692188874,-1.63104208228893,0.303021332491583
sum,6.86372672934401,1.49646648992368,4.91255993702188
product,-3.02356742383416,3.18014765922493,-0.374652838668521
product,-14.3314156431352,3.03672076899115,-4.38922040145136
product,-11.1578740463057,3.91143113698071,-2.85059621409243
sum,-0.802829748541267,1.20915517767477,-3.53626007837751
product,15.1612729943623,-3.04017137580855,-4.71217323686661
sum,0.576208310659082,1.31560220092521,0.450269188969383
sum,2.2768874867068,-2.3025038848301,4.96334337627247
product,-18.9563171179779,-4.30638699124835,4.46115462133633
product,3.37405593220161,-1.40508848780245,-1.57918251284093
product,7.8522821342473,-1.88288923910589,-3.86442407800371
product,0.0412387233533511,1.25859915714236,0.953850173200438
product,-1.39443280019381,-1.50790425387339,1.10620042441633
sum,3.09814028545781,3.63333649571825,-2.178129253068
sum,9.80836017595063,4.74793162146783,3.11769788090137
sum,2.68087803000259,3.64358249839637,-0.502153511786775
product,0.648355565073502,0.183296523637368,2.43946292572677
product,-6.01692519358533,-1.29357852933109,3.29741803707202
sum,-1.03606024543913,0.399853797158555,-1.95320860901959
product,-0.0323203856609131,2.26091333722662,-0.75869328697614
product,2.87190214100927,-0.265282292194343,1.63537372016711
sum,0.453670984493374,4.77174184221317,-3.15523746866361
product,-0.0988008731224289,-2.21353535763389,-0.0155780107094277
product,-3.96126984389554,-2.72064837458058,1.18254771530296
sum,-4.60856227398297,-4.12133500855167,1.36669682167207
product,2.00884255209445,4.69584627764559,0.201635011119934
product,-15.9765431409078,-3.3706557291857,3.98054289440714
sum,4.61159076875136,4.51811785423239,-0.190271101138762
product,0.095278793138213,-0.0275149410761451,-2.88551993003455
product,-6.08354616433238,-4.87845525310184,1.63671165362648
product,-11.2068738770677,2.54542874084682,-4.14491469145532
sum,3.57655808098695,0.508573706091394,1.90004890820666
product,1.11284194944952,0.492266647061205,3.02853448598011
product,7.15245582801299,-2.08770859801958,-3.49583108896472
sum,-2.46790896787225,3.14825113746512,-4.01604350286603
sum,-5.75281112358103,-1.03076723798404,-3.49830999182958
sum,-5.74078141571346,-1.60549807457194,-3.25890664665916
product,7.42990097767036,-4.89162348519702,-1.58182648302124
sum,3.64342754199021,2.24766771528761,1.81117853964983
sum,4.52514533876317,3.88748079868977,-0.347943877162819
product,-0.211875123807808,1.84233026512157,-0.494558646899065
product,-15.6231868244067,-3.25633570995009,4.82378616908606
product,18.4432853127141,4.28318562587725,3.99574573274568
sum,3.39207434311627,1.58707775500876,2.98714191654575
sum,6.28046939345126,0.074677337608362,4.30595214643916
sum,5.90224060473637,1.85565287228971,4.75873754910054
sum,1.62754327327303,-2.23172202764948,3.41998552890061
product,-2.37575448468733,4.85650454110601,-0.683404537703206
product,-1.46271012509858,0.426446347075766,-0.991485832363601
sum,1.27054700527186,3.83785884963426,-2.73343597773012
sum,-2.76283571228772,-2.12761008345918,-0.482323212627708
sum,-2.65571646813458,3.44783228116888,-4.88968735571353
product,1.30517509321168,0.247564316322379,3.10553330781833
product,8.34994759831976,3.60730583256343,2.47470938133757
product,-2.63645120666086,1.60197376717731,-1.66500828308856
product,0.513509827072632,0.568012624583502,2.94025189270296
sum,2.82728603149224,3.80870759198928,-1.94475689341976
sum,6.26907520058056,4.99413725770667,0.718722712271865
product,8.46120692056028,-4.06897232194101,-1.76320763595756
product,15.7017354270774,3.71460590187718,4.20872400531813
sum,1.71242213921112,-4.08513162602245,4.94139361221168
sum,-5.63245484912396,-1.03757981097341,-4.32387436407785
product,-4.45401988848739,-1.58933648949742,3.1707207094928
product,0.310098810139394,0.31354631568148,-3.47460957085739
sum,1.58258259762436,0.819714019143988,0.47959488973693
sum,-1.02594804407949,-3.36376178808331,2.8076158606844
sum,0.189521302583773,4.43615920167599,-3.98954188989353
sum,7.0313721593235,4.37228487236451,3.62014482272622
sum,2.37173236277171,-0.64416685187067,3.41933566791809
sum,3.14343601197992,0.679452305526294,3.98030548949987
sum,-5.3525426199429,-1.7541417009973,-3.66520027584056
product,-2.77694556110361,1.62522284353982,-1.4183728196716
sum,0.549292142332524,3.68271280513259,-3.51111949667555
product,-3.83863800727627,2.61619615328718,-1.36917703601365
sum,1.62797685633172,0.786754085723934,3.15946938968617
product,-18.7539398823996,-4.83412171072144,3.96765424626425
product,1.9557755688176,-1.95757757040462,-1.2353663312195
sum,6.07144632366921,4.87668007996647,2.18123076226494
product,1.32814170726672,0.467102793432797,0.203077009037933
sum,6.25287583050995,2.38449209251327,3.31697043675774
sum,-0.0334080789711367,4.6991204610727,-4.41449070756021
sum,-2.89459887484625,4.25248317415666,-4.92437125021858
sum,3.33072050281346,3.68904984478718,0.982252940637388
product,-1.09302663800538,1.29398638135263,-1.65756109183039
product,4.5122331300227,-4.06018060159131,-1.54304006496081
sum,4.58648650856692,1.54511214281135,4.83678925263414
sum,-0.458573918791435,0.148173539296902,0.0836054691627997
product,-8.97562404974759,-2.56010356620916,3.41828776758272
product,4.58314614602665,-3.0032621784164,-0.851804976623348
sum,0.298486730751064,-4.69612940303163,4.9834751139295
product,14.1742701110216,3.21860059290356,4.14298806560499
sum,-1.66853987098319,1.17847240201214,-2.79388047288789
product,-3.83061845241635,4.41464808776525,-0.99236939124674
product,-2.89671062097793,1.31138625997263,-3.36344057134296
product,10.501902585211,-4.02327885993616,-2.52651898256802
sum,-3.69844367062639,-4.51787961139444,0.877693608621982
product,20.4272762386,-4.28811351539771,-4.74613644339655
product,-0.959590036566126,4.63222539440611,-0.239495978009003
sum,-2.10433828222835,-0.930920392771294,-1.37764558347712
sum,0.460540342906714,3.67031496122449,-2.1409321076084
sum,-0.619374157057487,-0.113568095953342,-0.604883113670899
sum,-0.691434104065936,-0.373770432606837,-0.67923117055804
product,6.46795232727558,-1.60970208951299,-3.85163175260796
sum,4.21522893551754,-0.133310585752971,4.18926533639555
sum,6.86378568435474,2.33113022415281,4.84669739524508
sum,2.94461963769179,2.32224886409561,-1.58752172373844
sum,-2.29025037397155,2.82385484058274,-4.73803291467935
sum,5.92854145180359,0.553635509376313,4.79970329358851
sum,6.85254508654588,4.49961183950225,0.4669741271407
sum,1.00376974548767,3.70753450337259,-1.65488711258068
product,1.4205301490268,1.33529710760895,1.05774819356887
sum,-3.29421423024372,0.853543643967521,-1.73068383661921
product,-3.24249316879691,-3.55105127908777,0.868411180208791
sum,6.60986615062197,4.3621224624369,2.37508359459007
sum,-8.05938118800402,-4.26804076231556,-3.64645917722314
sum,2.96566092653546,-0.696941051005373,3.0153711188299
product,-9.75299574419537,-3.38778712745996,2.99410398909043
product,-17.6970825109772,4.73010554752446,-3.60227623373711
sum,-1.35924226343354,-1.99036433053184,1.06252937750977
product,0.0952285611790917,0.0857069116470282,-4.11297466242944
product,1.04128030853459,2.89618142794554,-0.125688017504864
product,-9.30525040707384,2.5237452943768,-3.59886824233547
sum,2.65499419402626,2.96537290976176,0.353101314525917
sum,3.05494089175098,1.13411389210708,1.95144554047594
sum,-4.32958834368977,1.18155734318119,-4.61573651037675
sum,5.13606745047405,1.31813527016668,3.6805669010745
product,1.76526418804327,0.393422419156507,2.48259690383658
product,3.42508801415302,3.94827350427649,0.609379715353863
product,-0.870024495850677,-2.60438109333028,0.371065418185478
product,4.6064028480108,3.26457466107742,0.830415609696922
sum,-3.09183195685789,-3.22850210552614,0.172690564416094
product,6.57987485810367,1.63501769108056,3.09874445854635
sum,2.34789258431102,3.71843527745232,-1.03018482925717
sum,2.14794746614902,2.27169069766308,1.12939582494526
sum,-4.62244704607352,-1.89638041076426,-4.01917419215755
product,3.7386670056383,1.01115011743209,4.49799913291924
sum,2.25634960277598,3.01728083069792,-3.14804432132532
product,-6.92869822298244,-1.95386230826629,3.49647390677412
product,2.96006744130722,-0.757779907530237,-3.2462872137655
sum,0.756216973739329,3.37013328363672,-1.96871644054671
product,1.23294120261622,-1.83077994843722,-1.65094385342914
product,0.000921279490079474,1.37429901498207,1.06715046382856
sum,-7.29449373341033,-3.68755122317612,-4.80807723176943
sum,-4.35134172102325,-2.6639224895009,-3.31985792255137
sum,9.07140359842101,3.09516074724878,4.5762528450538
sum,-3.18270631608172,-2.86895295974917,0.270414639116517
sum,-4.59024730262078,-4.26503252669987,-0.985056841387118
product,8.57572392198201,-3.59915984763476,-2.51510860185534
sum,6.95349990914501,3.15833124990618,3.80079087561458
product,-2.17305187831125,-2.84178972503157,0.65133183589209
product,0.495369484618614,1.31837212169799,0.520471808519803
product,-18.6237400857468,4.08265885966654,-4.13079711912576
sum,-8.64003787019417,-4.66796891208634,-4.3334795943931
sum,3.0466637443717,3.24680965925149,0.399571302805596
sum,2.51491223226748,-0.462104586163608,4.91809951349364
sum,8.19002455323935,3.747016726842,4.51403342206657
sum,-4.62670886820834,2.73473125686601,-4.90668380172907
product,-14.0432186147311,4.50411484076559,-2.53597966760893
product,-2.1095105645493,0.0267902322886151,1.7910231914449
product,0.495012649551845,1.09564333979897,0.935924535540487
sum,3.0546365487626,4.5086356225041,-3.57750631312804
sum,2.36187675042619,0.155960285792503,0.614845879595237
sum,-1.75966352169006,-3.14474484296879,-0.85870247471073
sum,-6.73930664279931,-4.70752716965441,-0.527974594951644
product,0.883920257659267,-1.25387385373529,0.0219501033124256
product,-2.07222579622717,0.833687650971596,-1.10704385958023
product,11.8382930479677,2.37896916695768,4.19855616412761
product,2.91885788938346,3.17222200201216,0.716126894698999
product,2.32450550775185,-3.89948075472323,-0.154770148089787
sum,4.30329451638613,2.25257660415137,3.46514338690278
sum,-1.18465661841888,1.96020618053792,-2.66287918089567
product,2.27774422536025,-1.9912169018323,-1.72502647822085
sum,-1.27702563359379,-2.84324847602283,1.36177364708233
product,1.88549129030704,3.97110259952577,0.812382214226123
sum,-2.69311202478615,-3.46104093660145,0.400119146045106
product,2.83952504777827,2.95792669436101,1.41147632885297
product,-2.09782245648545,-1.39809358588737,1.11454235434648
product,11.7624859338773,-3.96876131164067,-2.92113744853973
product,0.58983225710999,-1.81996525028136,-1.29527897208618
product,5.6909920112162,3.77339353380981,1.68643219924431
product,5.48024235277222,-3.38371285905386,-1.63395721806079
product,-6.15735033137288,2.06242227156496,-3.82248917109859
product,3.79530753542196,-0.718158516826857,-1.16108778626789
product,-0.0746115842862596,-0.515544780216803,-0.638734708646833
sum,1.01273737312884,-0.111534197430798,0.606600944161709
sum,-6.48311500373767,-4.27553112205441,-1.7532407310994
sum,8.87514867221681,3.44170448969197,4.5807348011938
sum,3.00112297085689,1.50325686346937,1.56478607331503
sum,-6.22444556489477,-3.6912633928165,-2.53321135478377
product,-0.806087265590178,0.107473025775658,-2.47563055655979
sum,-1.68192960801307,-0.0485347298602568,-3.47583986669583
product,0.0375499053834392,0.0525237244785712,-3.18564564910203
sum,0.773959821427797,-1.73538691756008,1.59353922205783
sum,2.9470769304653,1.94981886126543,-0.405532315940134
sum,1.95499926460047,-1.31473656276239,3.86604215240467
sum,-5.09213868170177,-4.42913143910685,-1.31690469493152
product,8.25996142031463,3.49223410494178,2.30867475203644
sum,2.44463684071357,-1.52190792097807,3.42033294376421
sum,6.42587119671721,4.36605692294961,2.22070938202737
sum,-7.15208245177088,-3.82691811037606,-4.87879225356107
sum,4.16992045510517,2.14086932132428,1.61370611070414
sum,4.90494055801469,4.33875017527905,-0.873781591513763
sum,-2.21077949368519,1.55241980639022,-3.2469705764234
sum,-0.733552243950973,-2.52768925596823,2.32801544766251
sum,-0.343368991002422,-2.31006595564902,-0.456226654400391
product,-2.76879672163467,-2.17965427428694,1.52746107851875
sum,2.04738553001209,3.78515561301348,-2.26929190027188
sum,2.0533058142383,-0.105750363568595,2.64883261542128
product,6.24676023555434,2.02484083987109,3.76765636761749
sum,-6.00910907529893,-4.39647916009436,-1.18060360347104
product,4.44168174932206,4.86639578501175,0.541780025157934
product,3.23659195272081,0.836561118508721,4.17313575462243
product,7.81271618944051,4.29697652342573,1.27900389490908
sum,1.6767273266994,0.821704601762733,0.0256607646344245
product,2.91755601712671,0.769038846263591,1.651972206962
sum,-1.97705687018249,-2.62456675076122,2.25979909985296
sum,4.12660235239097,2.58238475704091,3.00356507822362
sum,7.42128762177096,4.81186178027424,3.77974320445069
product,-0.423276619375598,1.83006773416357,-0.912658289019036
sum,-1.32383353081175,-3.79790944629392,3.0264330979571
sum,4.51026342709382,3.68272505408381,-0.605950103055478
product,-1.4791103955478,-0.0748230618113608,0.230654247691193
sum,4.24596249421738,0.177116433847115,3.95117740706536
sum,-1.92396283825332,2.79845395151144,-4.19080716948748
product,4.80753908426944,-3.26705679929154,-1.0099729612987
sum,5.62137618122283,3.50581729094242,2.82028087670386
product,-1.79594728530601,-1.80686362409585,0.902949425148077
sum,-0.599796699421739,1.1714498660403,-1.44615431314261
sum,6.70120802953658,4.97124500157711,1.50201092398153
product,4.14105601109842,4.40230241424958,0.648411332626164
product,3.99215440731456,0.700611700893649,3.93892583050958
sum,0.221059602768926,2.61023990942999,-0.838460018202385
sum,-1.36592350670895,-0.915467869293013,0.358276844730812
sum,-1.19539207315596,-4.18953784092352,1.64911724487218
product,2.76774090089008,-1.24417047360056,-2.48200941093047
product,7.63711945321507,3.44875310969455,2.15972228847398
product,4.51068887782292,2.35071043803886,2.99916085373189
product,-3.02118467042205,-2.34797632318275,0.744731131799119
sum,3.07175248253396,0.706097466388297,2.3566311423919
sum,-5.3762916510908,-0.476817154816999,-4.17828332523573
product,-11.1059758482978,-4.56840088049424,2.3257209721025
product,-22.443767554306,-4.54695990227956,4.96874251845947
sum,1.13803665821581,1.58783366710717,-1.011772191031
sum,5.39420050919864,0.924077846595176,4.27000967924295
sum,1.88281448110425,1.95467206689862,-0.0353884764470021
sum,1.93353695871052,1.391199378155,1.42325525905227
sum,-2.70599179980555,-0.253691242501861,-2.97519439834763
sum,-2.01407903294081,-3.70485078717196,2.30650510239246
sum,1.96312726568285,3.73423238081661,-2.47758979826638
sum,-1.62293319354809,0.412963353010705,-2.03464418712345
sum,7.26942831161446,3.78629986355158,2.55270420496808
sum,-6.43451286602996,-1.54065007453037,-3.78498623699082
sum,2.92864617455734,2.67188288931127,1.10980988850992
sum,0.931170882353079,1.76513385777247,-0.78751946705928
sum,3.87733463438943,1.7964728269307,1.41971500443266
sum,-4.77844433034674,-2.9984975575519,-4.15207983954197
product,6.15701455837516,-1.74816677973253,-2.59854381221807
product,11.3719056375079,4.14864390220449,2.47609380176251
sum,10.9155374544224,2.49651831742925,4.63115111589174
product,-0.420162558404006,2.2821634861186,0.707783046689119
sum,5.48056186582965,4.44266489113434,-0.141282408136743
product,13.5783488117311,3.08397348116461,4.44765729882428
sum,2.84388539300272,0.394912923753372,2.09046261722433
product,-4.89627605321044,1.77564361842282,-3.26626404705245
sum,-2.83652704278065,1.18611378215184,-4.12357253236162
sum,-6.54851814909299,-2.63949536653536,-4.00821900412784
sum,-0.776729209304459,-0.782790731265446,-0.3946050272586
sum,-3.4879725717234,-1.28961237015397,-3.02529510140063
sum,8.1726555510769,3.68142254377505,2.88614964672406
sum,-3.99249409621877,-4.68865917115489,-0.739166161096286
product,0.345323926112608,-0.0620440363560926,-0.260383597371277
sum,-2.5650386267902,-0.822332178326662,-2.25193964451864
product,-0.860935447530585,4.40458584352914,-0.373202143303936
sum,6.77800856005864,2.70921844644052,2.6930489364134
sum,2.79556801384825,4.87722389736032,-2.83260199909224
sum,-7.35820246188587,-4.32649398531228,-3.25161372739587
product,16.6322020966956,-3.82473753222895,-4.17201332074874
sum,6.17810423007835,2.98783235773665,3.84206463348408
sum,8.87899213796709,4.69821045078545,2.26461715113005
product,6.83713246533399,-3.98528457133968,-1.77646155025277
product,-5.58458138349487,-1.27981914207217,3.30219864566992
sum,-1.02590409267907,3.00586699109083,-4.58327099397616
product,-2.89437155041344,-0.710059726249817,3.9633581852112
sum,1.4030993874677,-1.07506443593315,2.373570773878
sum,8.69483758487898,4.87649563736058,3.8692490020927
product,12.0762820345623,2.46491405118024,4.65026910666513
product,-7.64865993496428,-3.43981359557564,1.84731172553879
sum,-0.463763616793188,1.00020548119304,-1.24111714854231
sum,1.62119953379509,1.78016152559064,0.209579772720422
sum,-0.47071394703224,3.67918294520022,-4.35146405517032
sum,-2.21644005902114,-2.76182385177377,0.329577865513353
sum,4.69018722245837,4.68193427914722,-1.3224064912271
sum,0.0113852226033964,-2.67040525246366,3.05992549775158
sum,-3.15930980917132,1.38525947664086,-4.37708201869937
sum,8.33526473451781,4.32028105510018,3.22480563634361
product,15.2974816242268,-4.74580873255905,-3.07710981191329
sum,0.357241953290366,2.09060519450916,-1.5029677025415
sum,4.51653500958391,-2.2578479765133,4.96696853852977
sum,-1.31427268960061,-4.82126065266586,3.62797077543229
product,-4.71693550052362,-1.10798321265837,3.17443561738441
sum,-1.08369604582155,3.72945835876408,-4.74357934193564
product,-1.43836779598618,0.200680211778108,1.715731955928
product,-21.5746483450983,-4.34948407014721,4.96636837073906
sum,4.90212363732542,-0.0111184654864394,3.40871579425923
sum,-6.59562548426756,-4.69347497794194,-2.75384388156148
product,0.0765638849864515,1.42031646154288,0.325894325515859
product,-17.0413052777553,4.42909703912519,-3.92827988660224
product,0.76712537174791,0.142344384136116,-2.26592928069294
sum,-0.120167258006467,-3.36476127414977,1.88885302050091
product,-10.3953912239586,2.94811303541648,-3.35734202069007
product,10.4824210961909,3.90263783890916,3.191023176742
sum,7.27574144937497,2.7985098889335,3.92084688940234
product,-14.4510253136029,3.14468482588936,-4.72904007496517
product,-0.349450615949873,-2.13458747871716,-0.379941963558673
product,3.01100574572226,1.72518456077038,2.63605794159761
sum,2.86697861388549,1.34005703099611,2.90030436307061
product,-3.12008302742869,-0.873823230885735,3.55696468106286
sum,-1.72899330440437,1.07736794878859,-3.71605710545875
product,20.6243999418784,4.74394807666167,4.50237353820802
product,2.95597427499997,-1.36370397620706,-2.30756769050619
product,-11.7421090407025,3.28737509151929,-3.6362852441323
product,20.8290808083047,4.69878826707639,4.36829739324758
sum,3.78517639185534,1.58451834658425,3.26067630252528
product,23.9256563749769,-4.93047869468809,-4.63316797109402
sum,2.9995499537306,3.07845941941259,-2.40703241134226
sum,-1.96565940231795,1.9742026724684,-4.39732609710439
sum,1.53859612582641,-4.27801591020824,4.2808364032605
sum,-0.344333086304166,-3.93406969692009,3.39802285635617
product,3.77399177392373,-2.19065490312619,-1.49412441193403
sum,-1.62736036355806,0.475923761537363,-2.34953571674996
product,15.3138789909315,-3.18175032792899,-4.54781329893811
product,-4.57499839814369,1.72135547405879,-2.16224094201276
product,-18.2233091256153,-3.77961765155221,4.54051027258722
product,6.05847384227877,-2.22618817018867,-2.27854862770037
product,5.25404087375291,-2.181452252266,-2.78027838067051
product,-3.71447509666347,0.552008115994624,-2.20020906339716
sum,-0.75433222776108,-0.447798509181988,-0.117588629782218
product,-4.65321744973056,-1.74600301840732,3.30619407787729
sum,-1.44424589582784,-3.6728424595694,2.37433768721486
product,4.59285227111283,4.39498941564189,0.519068387744856
sum,-3.43537871762469,-1.40766630600234,-2.02451548681179
product,-3.21431152229396,2.03657859380024,-1.37606100883367
sum,6.4803050722509,4.20847847815687,2.60289823122135
sum,-4.856166335868,-2.26740473001791,-2.60819895784074
sum,1.73580070319434,-0.802726830738777,1.92161341694132
product,1.87203305932776,0.222432600548044,3.72123908944151
sum,-5.70476918830321,-4.75413083541199,-0.67502121669868
product,-2.66684871291298,-1.14902271398075,4.39832123613475
sum,-1.43274750087953,-1.02405602037206,0.0942212814978971
product,1.2626118784544,1.49210302116064,1.03152109466388
product,0.253453595583567,-0.0737489570914089,-1.16861471750503
sum,6.63922877051096,1.19490346009615,4.56614621083458
sum,6.96905632288672,1.43577695196525,4.6786003484503
sum,-2.72499056645594,1.22966583563483,-3.22571230530293
product,-7.19640458166074,-2.06408155735507,3.21257304672013
product,18.6690626843841,-4.15860035004951,-4.48176463177573
product,7.03995504539253,1.32305830593579,4.8651524879298
sum,-6.05852329121761,-1.4928818454829,-2.87955160091773
sum,0.54052658939558,-0.90665993684957,1.15219438231011
product,-19.3067208660976,4.02552906679567,-4.7346779612618
sum,-7.40725733405603,-4.77876448471003,-1.8818386691474
product,-4.05515696079445,-4.26203435264601,0.950779307002549
sum,-6.4058928314753,-3.40455319886812,-3.78613581840594
sum,6.39115839579289,3.60122397189205,2.85016543837057
product,0.360543252274076,-2.50707770851125,-0.392212319672742
sum,1.85578018504528,2.37582301588891,-0.762617463512372
product,-7.83898687211467,3.06834739267264,-2.56827809000546
product,1.40556775712243,4.50714306409916,0.360963663441204
sum,6.05807214415466,2.04680762736647,3.25049410180062
sum,2.26651250560415,0.444890979608496,-0.418131132621074
sum,3.09444051583803,4.84083469199295,-2.63129441025518
product,-3.32454919059957,3.63103425875594,-0.408642437617387
product,-24.3902085632593,-4.9080294838337,4.89960232389945
product,14.5316846361175,4.65632033074559,2.68987415180511
sum,-5.75995767490531,-3.95069821581825,-1.84593104251987
sum,0.208814475973274,-2.50331991140814,1.07905092793445
product,1.34141176783994,3.877041827583,0.416342146608669
product,3.70418109873303,-3.88802517693849,-0.812294751079269
product,-17.0633205161444,4.61190563823914,-3.44759754069288
product,1.85979396358667,2.13244787222995,1.40874744803215
product,-4.15020380083096,-4.02165839348999,1.3226428791953
sum,-4.92452623648494,-2.5128572741237,-3.11975265384584
sum,0.805319169467075,-0.786429977229298,3.22614318513678
product,-1.51617012080073,1.15850098052216,-0.853758762729763
sum,0.26528931187122,-2.57954984137473,1.88134706086542
product,-10.7521935224815,4.53928577002587,-1.98622125835858
product,-11.6367287946234,-2.87660889321724,3.66063889500408
product,-0.279139542878288,1.95974206093698,0.188380571260721
sum,-7.65849753098852,-4.42157323436604,-3.08132675281257
product,9.12156367814736,-3.22560456220277,-2.61817218953274
product,-3.86669376490365,4.13240552556471,-1.02712709439633
product,3.8861317443743,-1.79219935028264,-2.54042271615492
sum,-4.07693727662083,-2.42317111488786,-1.27832976162487
sum,-1.39944877677171,-2.72730372736849,1.10225149477641
sum,-3.05111644549844,2.97426021606928,-3.72286516364765
sum,-1.46857028590189,-4.1837001796941,1.24663568854264
product,3.03912084692133,0.843143119231002,2.28188756203603
sum,-1.66993424593177,3.17834216175022,-3.13898582153723
sum,2.2772150136164,3.0656114786145,-1.19804381214143
sum,1.41134233437892,2.19201778272264,1.01881589636322
product,-0.12661749930243,-1.29841299744556,0.0272039009247917
sum,-0.156193214378241,-2.61222854231698,1.6754989929147
sum,4.99787826742335,3.70749901272511,0.422372054918483
sum,4.74029717065149,2.68273413864518,2.80525515243862
sum,5.60983022374874,1.87885722300813,4.22757190513394
product,9.03116460371531,-2.58147709099548,-3.12956251442477
sum,0.158061417827416,0.596486834869141,-0.385225353752658
sum,-3.16872362159087,-3.69913759869368,0.49529535895017
product,-12.0447951015203,4.929647961193,-2.37735955700175
sum,1.90506930674309,-1.58127833961314,4.75610200859915
sum,-1.1786891623542,-2.78790558180398,3.12985738716094
product,-11.4305812069432,-4.54772711089462,2.55137255673619
product,-3.15870843425324,0.277011090862999,-4.68816864938715
sum,2.92145778313985,3.73677114186339,-1.46578620697282
sum,6.1664634741032,4.00701864011259,2.55041928746278
sum,-7.7099168100691,-4.67473820508748,-2.40186791254966
product,4.40949143087504,3.51136671516857,1.27708053071418
product,2.81162345198586,-3.60506139347958,-1.19109143368978
product,19.310851505045,4.62648414677925,4.20841882617372
product,-10.0336036663146,-3.81182083731928,2.3803361642637
product,2.77446105395368,-1.32216867280747,-1.43903274102154
product,-8.88254300603706,2.98295178966775,-2.70748604767359
sum,9.61770973042364,4.30948695506978,4.33113331343558
product,-2.77574484095041,3.97215757953327,-0.745635613835832
product,-9.92552550877711,3.03480930384849,-3.21455337945666
sum,6.66697509739901,3.70969123746086,2.74653531181182
product,-0.469284695242796,0.734378881232861,-0.905883478087596
product,2.13347532630353,1.20132597801537,1.94696470854427
product,-1.91631872700213,-0.66148350762027,4.61070317469455
sum,-2.81260713675086,-2.08337421290697,-1.05523721429965
product,0.684762747591855,2.95186194768704,-0.491606285958679
sum,-4.0759521818478,-3.71130132526555,0.156794276964978
product,-1.83239699261766,-0.82588996851221,2.13349585884552
sum,2.44491570351047,2.43508256291608,-0.0303651709416979
sum,-5.44366409833892,-3.1902304729051,-2.86488633689328
product,17.0787884700964,-3.92108573006696,-4.59131383733521
product,-5.96142390005682,-4.05557039244072,1.43999543239016
product,-5.2841884774766,1.37557471355213,-3.71120278089351
product,16.6322223735094,-4.43696724318163,-3.33716631243921
product,3.29085091853275,-1.44027321348738,-2.75395177060018
product,-5.37827414294274,2.12179221347536,-1.51131733457005
product,-3.46685339014223,-2.14287913718139,2.19045905184245
product,-12.2713251933377,3.96091299923493,-2.9065067666329
sum,0.141888818542644,0.929399348417031,-1.66998086941802
product,1.07048442213795,1.1185289472238,0.941307153521351
sum,7.78505043129663,2.58263195929023,4.6582216115322
product,-9.42820256975593,-3.01284318465828,2.83653012741143
product,2.36302667012809,-0.896170769643703,-2.93666281594208
product,-10.66911294807,3.09361155478514,-3.89368263044793
sum,7.79936776520692,4.12363345616691,2.76447446499725
product,-5.20360204760725,2.0096913145912,-2.27692673480631
product,5.73000748026925,-1.85644018923673,-3.22989515723253
